{
    "visual":{
        "name":"barchart",
        "displayName":"barchart",
        "guid":"barchart3DF94AA852F9456A9C902AF7D78BDCDF",
        "visualClassName":"Visual",
        "version":"1.0.0",
        "description":"",
        "supportUrl":"",
        "gitHubUrl":""
    },
    "apiVersion":"2.6.0",
    "author":{
        "name":"",
        "email":""
    },
    "assets":{
        "icon":"assets/icon.png"
    },
    "externalJS":["node_modules/d3/d3.min.js"],
    "style":"style/visual.less",
    "capabilities":"capabilities.json",
    "dependencies":null,
    "stringResources":[]
}
